run,time,X:VCD,X:Glc,X:Lac,X:Titer,F:Glc
0,0,0.6785714285714286,34.48979591836735,0.0,0.0,0.0
0,1,3.870961484885737,34.69510415597351,4.357578352109893,1.20501672225438,16.632653061224488
0,2,8.436587690633816,40.099581374837136,13.456545334575603,12.897765102526241,16.632653061224488
0,3,13.306839111573014,42.8875535412218,29.054150350730346,67.17701891951424,16.632653061224488
0,4,16.862212367921696,44.015791167737476,49.99383974863705,207.0527883359284,16.632653061224488
0,5,18.061040388066246,43.77092574160436,74.43527763718829,389.57331559510135,16.632653061224488
0,6,16.870344926518786,44.20511543896376,98.97204264838209,611.5941008503423,16.632653061224488
0,7,14.279399563015524,47.268683887546125,120.95056934308798,832.1340305563908,16.632653061224488
0,8,11.132709929761871,52.41603080643572,138.31471972101377,1017.6002272551588,16.632653061224488
0,9,8.117374761907646,65.33224339870866,150.76138388724897,1159.8986905014112,16.632653061224488
0,10,5.170235553219307,81.45873707267702,158.65171480683787,1248.4936400532035,16.632653061224488
0,11,2.8766694574947453,98.70939673949636,162.29506885125886,1306.145472865785,0.0
0,12,1.4911087806015177,102.57182972733955,165.62619263040727,1361.3643405490245,0.0
0,13,0.7141771720930772,106.48395306156452,167.71322589329776,1389.2532709371494,0.0
0,14,0.28216171484691405,110.01232974869968,169.16001527865225,1399.7908620437793,0.0
1,0,0.5153061224489796,32.857142857142854,0.0,0.0,0.0
1,1,3.1260565566619705,33.9010022279741,3.5374361037980178,0.7695187033224896,0.0
1,2,7.391259719080787,23.660527909500825,11.525133294210054,9.49033881624286,19.081632653061224
1,3,12.341305206323478,28.969337177047578,25.592936692759665,60.83034199230063,19.081632653061224
1,4,17.08806017715544,33.05173765215441,45.775090505642446,200.01228805962202,19.081632653061224
1,5,19.405944708805606,35.077373396760414,71.08714032754439,372.7245431931694,19.081632653061224
1,6,18.744038452134703,37.63337315691994,97.85405036186569,591.8304799499836,19.081632653061224
1,7,16.263384699534093,42.282351792388646,122.75364364350575,823.0990686291167,19.081632653061224
1,8,13.151040883819068,48.40779446336445,143.52910060828157,1012.5849355656386,19.081632653061224
1,9,10.01203494054556,60.79662076076205,159.739279378118,1140.7116144259587,19.081632653061224
1,10,6.9816307349054805,78.79380465524775,170.70487336210329,1240.919890107786,19.081632653061224
1,11,4.384545073058147,98.56086232776887,176.74369884526905,1263.5404995661647,0.0
1,12,2.717764031107411,101.5161526483318,182.02858610508312,1285.5451452401007,0.0
1,13,1.642063331071389,104.37337428290897,185.2263553931139,1296.632231775718,0.0
1,14,0.9396617801002107,107.0859835244389,187.28122439529372,1302.3280936993235,0.0
2,0,0.6173469387755102,40.20408163265306,0.0,0.0,0.0
2,1,3.713406299675299,42.4547636216619,4.206249482356235,1.121224389761396,0.0
2,2,8.382897213825856,31.7812954512262,13.406198636151885,12.80093769732533,19.693877551020407
2,3,13.272991912178089,37.384379214536494,28.80781399132658,68.99549789882562,19.693877551020407
2,4,17.06357954628949,41.45640501951565,49.65106927805203,210.97671467894895,19.693877551020407
2,5,18.380785361583296,44.143187533850835,74.23799188448528,391.92154071737644,19.693877551020407
2,6,17.140638451061232,47.62290810186202,98.9798620540692,612.9990132538686,19.693877551020407
2,7,14.366631668165597,53.78937996047668,121.12930869765232,833.0287853746402,19.693877551020407
2,8,10.940836861451151,62.05607868802996,138.17137860293673,1004.8944279625807,19.693877551020407
2,9,7.332579861976766,80.55042827168819,149.28232478106173,1126.4630399773425,19.693877551020407
2,10,4.103480547233886,104.91093448527924,154.73814357222233,1172.4172137114583,19.693877551020407
2,11,2.3773745193449205,128.68311713447713,156.71521638875052,1187.0513586363088,0.0
2,12,1.5824166166990774,133.84287844153025,159.77057097176666,1205.37020850991,0.0
2,13,1.1442688908391576,138.076944383755,162.00590089574075,1215.3170668705457,0.0
2,14,0.8871396543765356,141.92923150841565,163.76336200525782,1220.079948085445,0.0
3,0,0.7908163265306123,66.3265306122449,0.0,0.0,0.0
3,1,4.0250207136721095,70.60279634050099,4.510734404831434,1.432629917746791,15.408163265306122
3,2,8.262293500218732,77.58700939276942,13.588437343890119,15.132596279903554,15.408163265306122
3,3,11.802260240557807,83.05645382183015,27.999513981590557,61.345136185801884,15.408163265306122
3,4,12.829822778886486,87.78250302187635,45.32848592986309,154.18589798906316,15.408163265306122
3,5,11.354064990354502,92.13861506757918,62.24654678152861,267.1718324008666,15.408163265306122
3,6,8.619641995218599,99.26214155862382,76.2854488651479,374.30557082097835,15.408163265306122
3,7,5.780180082951686,110.17094253289268,85.71970355261735,460.88403607877535,15.408163265306122
3,8,3.5204826300902474,125.58566945483688,90.80504233364205,513.9691219662677,15.408163265306122
3,9,2.00947910594156,144.36767300372665,92.37802964589316,548.2092629802937,0.0
3,10,1.0779838200796326,150.02300260494164,93.08040199423932,584.2452276274236,0.0
3,11,0.43809033372367345,154.34475616946295,92.6870056669643,611.6585036258837,0.0
3,12,-0.027883509598936727,157.63662390046818,91.54141901136126,629.0557863436136,0.0
3,13,-0.37798918324615177,160.32888743134282,89.83803451591108,639.6153621321394,0.0
3,14,-0.6476270606493059,162.6691754812561,87.70599340435243,645.9006904664338,0.0
4,0,0.8724489795918368,54.08163265306122,0.0,0.0,0.0
4,1,4.551396826534508,56.48198623523627,5.099202401786938,1.8632831625321953,0.0
4,2,9.618783234833128,46.03067851102544,15.877186284242216,19.437792560651395,19.89795918367347
4,3,14.239694426860355,51.8332213998662,32.754659600435915,82.48112467586432,19.89795918367347
4,4,16.909454109150694,56.005378181491245,54.12560842933595,233.4106588121911,19.89795918367347
4,5,16.848710990912984,59.80567620293472,77.52103197248009,407.30272061025624,19.89795918367347
4,6,14.64255578739714,64.87610510531394,99.27472047720951,599.8028544558814,19.89795918367347
4,7,11.387587944506432,74.2843239621564,117.22103462484658,787.071498528039,19.89795918367347
4,8,7.849766423996488,86.79940094882022,130.02871805984174,875.7245914167419,19.89795918367347
4,9,5.2121733336046425,102.66058616514181,137.74046941914452,890.7299885362264,0.0
4,10,3.689679612311442,101.83900294146693,144.90238024995367,898.6342843899865,0.0
4,11,2.7087925158259263,101.31874297286575,150.22215075749085,903.0343938028022,0.0
4,12,2.0265129107229156,100.84264158975309,154.3634323633655,905.2495409624631,0.0
4,13,1.5157068485054639,100.32538462562874,157.67603192535452,906.2627079837065,0.0
4,14,1.108830975544017,99.7390977040216,160.3571340819644,906.7173461313373,0.0
5,0,0.9744897959183674,55.714285714285715,0.0,0.0,0.0
5,1,4.794733969917565,57.1288566582133,5.3382393736432565,2.0814627238668284,0.0
5,2,9.964197264610167,46.49458934090534,16.56344142704606,21.424064838191438,17.448979591836736
5,3,14.616796554973515,49.69718930250744,34.00690643685476,88.63651801832663,17.448979591836736
5,4,17.39734350176324,51.1158730468528,56.09106865886033,246.96191454193834,17.448979591836736
5,5,17.547092054938258,52.07761489401274,80.55170026884178,439.1584066411795,17.448979591836736
5,6,15.617973224661887,54.33696751157237,103.7411367263842,658.1100039099205,17.448979591836736
5,7,12.588455053555247,59.51826641420897,123.55050439193118,859.9807790183883,17.448979591836736
5,8,9.230006022497777,67.9022534959588,137.81501112805694,1008.0269486524711,17.448979591836736
5,9,5.856687728351049,86.83539587628272,146.3389452003474,1112.7156446153167,0.0
5,10,3.2160306252253874,92.52879396347996,152.60498137362958,1178.337307708755,0.0
5,11,1.6729752203436306,94.47405697577116,156.21956015871095,1218.524221070145,0.0
5,12,0.7668657937603289,94.62397347516114,158.29242739013262,1241.5166283243666,0.0
5,13,0.1919853207995924,94.19417242455067,159.51248367152857,1264.6280657811803,0.0
5,14,-0.21517603591676437,93.96071671425118,160.28635026499313,1300.7062127496358,0.0
6,0,0.7806122448979591,67.14285714285714,0.0,0.0,0.0
6,1,4.312996637756993,74.87867825151397,4.9606801233528675,1.7141506126224981,0.0
6,2,8.880123595226328,66.80957557605505,14.942063000893317,18.554209614059264,18.877551020408163
6,3,12.659181127344745,74.12671210097452,30.27688155335057,71.14327538239873,18.877551020408163
6,4,13.733282394036534,80.61202905477151,48.612531536154215,185.01687475080567,18.877551020408163
6,5,12.00834953698673,87.18128251204098,66.39526868574782,309.5587492990238,18.877551020408163
6,6,8.906227208166294,97.21537911138692,80.96879682808367,429.69565355585365,18.877551020408163
6,7,5.839141610737273,111.37888362778776,90.94851482013243,517.196207608511,18.877551020408163
6,8,3.584775484011231,130.30207182991262,96.72431635815244,570.097684434681,18.877551020408163
6,9,2.1328238458950466,151.30019336822525,98.87608190133655,597.137048703568,18.877551020408163
6,10,1.2732721429039409,172.5017200454394,98.16638199381075,615.8653395505363,18.877551020408163
6,11,0.8447387654815163,193.12247202848323,95.44158431879656,618.4763171476527,0.0
6,12,0.6218323153361185,197.48466745169492,93.18797507367069,622.4266789577341,0.0
6,13,0.45490916805716036,201.52636317769534,90.53555993262525,624.4196626846855,0.0
6,14,0.33210144489609034,205.3127571978768,87.56394447980185,625.3179209562344,0.0
7,0,0.7295918367346939,56.53061224489796,0.0,0.0,0.0
7,1,3.7708248302605822,58.680523737698,4.173067798482837,1.2238330832461997,0.0
7,2,8.448376346058962,49.355261925021225,13.47635955845117,13.687806780034471,14.183673469387756
7,3,13.248017553238029,50.26931264412393,29.12424256508252,65.85534164585401,14.183673469387756
7,4,16.52943541769605,49.28804250110228,49.936457236785955,202.16993181831924,14.183673469387756
7,5,17.50932999856691,46.89374095435553,73.88155748091933,379.991926071215,14.183673469387756
7,6,16.291775069812182,45.040269787144375,97.71171924473454,597.1952156221065,14.183673469387756
7,7,13.799865205112116,45.96354046444628,118.87397354776115,807.2108488596155,14.183673469387756
7,8,10.8314559646988,48.903598043284,135.79683211564904,993.2090712558737,14.183673469387756
7,9,8.122998637327653,58.224466054731494,148.10816291376136,1141.57585515515,14.183673469387756
7,10,5.5162234356009305,71.2746796562011,156.36053314658125,1224.064733727639,0.0
7,11,3.4687600748335954,70.84526417259157,163.02152425675837,1298.5872654941902,0.0
7,12,2.0850654160731064,71.14591746514527,167.06403925298414,1347.8791062931446,0.0
7,13,1.2003332605705799,71.49736138406858,169.64562444406567,1382.359977852845,0.0
7,14,0.6437040707757763,71.40270225012938,171.32918581321022,1404.815119548257,0.0
8,0,0.6989795918367347,57.3469387755102,0.0,0.0,0.0
8,1,3.5011806002617045,58.60556800404118,3.8384523575820766,1.0272092261109402,11.53061224489796
8,2,7.823401752177729,61.20012963835556,12.303793940435853,11.790687380558849,11.53061224489796
8,3,12.393706752604404,60.9770879527776,27.007123548587757,56.47653254182762,11.53061224489796
8,4,15.352540080840306,58.75326860255753,46.63075144018371,172.99602031154393,11.53061224489796
8,5,16.102586349558045,54.77505414431037,68.8230324227017,328.31487541349895,11.53061224489796
8,6,14.951121761666938,51.01603503505003,90.85440213684157,515.6279732114716,11.53061224489796
8,7,12.710819162575367,48.9556309056344,110.25812721254923,656.9687121811535,11.53061224489796
8,8,10.247463685623174,50.85906329762491,126.03978070248229,761.1083180014834,11.53061224489796
8,9,8.005829803029833,56.37533075082825,138.17423488784587,801.7454346189412,0.0
8,10,5.955896410755049,53.54532948225921,148.51858079984953,819.9105915150562,0.0
8,11,3.774541680340577,52.47862012076066,155.48462194470142,837.4568108068999,0.0
8,12,1.4363089921331482,52.072386039494106,159.02396654646603,850.7011531846384,0.0
8,13,-0.8761217767639957,51.40052341663881,159.39746043981435,856.4153366210219,0.0
8,14,-3.0131241333654466,50.09766205986954,157.23292022200525,858.9060862031287,0.0
9,0,0.8418367346938775,54.89795918367347,0.0,0.0,0.0
9,1,4.277643175005725,56.642231760464924,4.745397716487343,1.6131783726263056,0.0
9,2,9.236859094301835,46.49611923929469,15.034452983183018,17.24172635421369,17.244897959183675
9,3,13.963139298912385,49.8627189824814,31.583270285927757,76.60609788703111,17.244897959183675
9,4,16.954559134190937,51.45146695830119,52.95974654679767,225.01029295187226,17.244897959183675
9,5,17.409309397682076,52.21079105337371,76.9745993052565,406.34389237149304,17.244897959183675
9,6,15.71130158817097,53.936736275226345,100.09500988656728,618.2672453022567,17.244897959183675
9,7,12.847219772398418,58.93189290880402,120.06149973114414,826.6270015214437,17.244897959183675
9,8,9.545394655713979,66.25664499559088,134.91540037032627,980.2915744372982,17.244897959183675
9,9,6.270763156758836,82.96832203069607,144.06708652677625,1090.299075501625,0.0
9,10,3.559492277627151,88.77229359402521,150.80893659888392,1165.0962844507678,0.0
9,11,1.8939545023307096,91.01142309381156,154.75114251233768,1209.0785360066416,0.0
9,12,0.9101924946128355,91.03628961747594,157.04205754249384,1232.4197721954897,0.0
9,13,0.2985475758580757,90.2347625134328,158.4000008665728,1246.726921071279,0.0
9,14,-0.10094210797258937,89.07193757263165,159.23633763657847,1260.2592068012436,0.0
10,0,0.923469387755102,37.755102040816325,0.0,0.0,0.0
10,1,4.773677518550256,36.69335884962342,5.35119673041622,1.875959695142775,16.224489795918366
10,2,9.756496026554016,40.73121059119245,16.086644932246866,19.50050155885218,16.224489795918366
10,3,14.56399592174676,42.52854981977431,33.41580278877722,85.15426669083347,16.224489795918366
10,4,17.763828002205653,42.52087691621262,55.803097087712224,245.91120666705046,16.224489795918366
10,5,18.373628463695912,41.81698688417158,81.23327396673153,449.4273975017383,16.224489795918366
10,6,16.743285260288737,42.38327443303938,105.98299700953073,682.36947266106,16.224489795918366
10,7,13.935586620041883,44.9962600132068,127.81229848461923,899.304763803811,16.224489795918366
10,8,10.825886339904905,50.95716196915969,144.75845130018345,1082.098949755028,16.224489795918366
10,9,7.889486172961375,63.82753411938273,157.0761248923998,1226.577834465644,16.224489795918366
10,10,5.103850318609214,79.63639288254284,164.889027830661,1307.9335364970564,0.0
10,11,2.918502929355079,82.58621253394911,170.78994624247912,1379.6750406361814,0.0
10,12,1.5389011522989275,84.93984327400072,174.10578638597497,1419.127357836679,0.0
10,13,0.7046158794678853,86.11875200893559,175.9606493275137,1442.724065311033,0.0
10,14,0.19684457692348994,86.52888894186405,176.98684912984098,1456.5264915171315,0.0
11,0,0.596938775510204,50.0,0.0,0.0,0.0
11,1,3.292315064608952,52.16937266615359,3.6598163348211075,0.8876805037148531,0.0
11,2,7.706750318081279,42.9006506846007,12.036469495760672,10.235549488361107,13.775510204081632
11,3,12.61952972237232,43.312538029845165,26.751761900325846,58.30141953038619,13.775510204081632
11,4,16.42839179088179,42.03971414947437,47.110641557860326,186.77922928513325,13.775510204081632
11,5,18.13627221918963,38.97556345154824,71.40678888169903,363.9185924029972,13.775510204081632
11,6,17.40797964581132,36.2305074846673,96.59219142275666,591.2615578412067,13.775510204081632
11,7,15.123146199701756,35.78394037171601,119.67167494585345,816.556841753536,13.775510204081632
11,8,12.063968865324325,37.40423341577234,138.70297489672146,1015.6970875595656,13.775510204081632
11,9,9.29008313612094,43.62444399609679,153.20045406516414,1175.7357856256751,13.775510204081632
11,10,6.861068720091769,54.347785028363326,163.54275341467448,1295.2054719014072,13.775510204081632
11,11,4.693424429326342,67.98579534345814,170.1109293811636,1377.6018982008454,0.0
11,12,2.9622515593564387,68.88959610501294,175.70075791607255,1451.4345716552332,0.0
11,13,1.8217085745015071,68.00959753729964,179.21181675117884,1515.0427906252705,0.0
11,14,1.121552080586346,66.37611330891335,181.72142196041958,1561.2568917343544,0.0
12,0,0.6887755102040816,53.265306122448976,0.0,0.0,0.0
12,1,3.6416645430080212,55.26013056564435,4.03283133595298,1.1226120547803105,0.0
12,2,8.272480035147268,45.762948592447415,13.107506151543072,12.595715577471497,16.836734693877553
12,3,13.080547679446868,49.1450442078651,28.432254362126702,63.42477301617038,16.836734693877553
12,4,16.38115655650753,50.8324521226765,48.90366046744921,195.4831261942198,16.836734693877553
12,5,17.310103835661163,51.198328417178416,72.37903335909097,367.6835451484024,16.836734693877553
12,6,15.985148011522195,52.17688011458973,95.62816903499629,576.5712293024687,16.836734693877553
12,7,13.354255391356137,56.238466880127206,116.05194138674807,787.1037708413681,16.836734693877553
12,8,10.174291997909904,62.33327476172972,131.9613902112475,952.2210828535195,16.836734693877553
12,9,7.027388082671941,75.97712130263214,142.29893140003003,1073.291234765018,0.0
12,10,4.317508598467434,80.5526114698761,150.1882253390273,1160.9068473549667,0.0
12,11,2.504555525201867,82.0414029971982,155.0501318010438,1212.9368014837892,0.0
12,12,1.36504512465678,81.23678690841412,157.99190313190928,1241.3872562872975,0.0
12,13,0.6357581410378552,79.68930665152993,159.80231771064726,1259.0537217089848,0.0
12,14,0.1642646551938484,77.86702356938731,160.98621232371772,1270.0845111703452,0.0
13,0,0.7397959183673469,42.6530612244898,0.0,0.0,0.0
13,1,3.8463205513109195,42.59775704723905,4.239069737798746,1.1821067920727784,0.0
13,2,8.63498353160792,31.721424933605416,13.751672501833726,13.621297886013112,17.04081632653061
13,3,13.623380131993015,34.565387552219995,29.638018292613612,72.1260656345216,17.04081632653061
13,4,17.583306979613592,35.78180137020944,51.17083712439841,222.12562742194467,17.04081632653061
13,5,19.026092611290576,35.729166538037006,76.79829381995359,414.9868955113911,17.04081632653061
13,6,17.87594027625147,36.55303068172632,102.77097777480398,643.6640924067383,17.04081632653061
13,7,15.275097611149423,39.409330032210086,126.37714427580508,871.5562893396203,17.04081632653061
13,8,12.144297064443787,44.61231816421388,145.53759405194697,1061.4666602706702,17.04081632653061
13,9,9.221690335646034,56.16307874280099,160.0365011624271,1234.362605063035,0.0
13,10,6.7948443460564425,55.90216969842093,172.59554019663182,1375.8139783532663,0.0
13,11,4.8105634679234495,55.51782669276797,181.1433459705239,1460.3163784882076,0.0
13,12,3.4376943346503817,53.906066634198716,186.93605607748626,1478.2741650019952,0.0
13,13,2.5517029992668814,52.07688427155268,191.10500429084513,1463.6352163070487,0.0
13,14,1.9894979443047858,50.15104285947306,194.24626754325368,1460.9295611511568,0.0
14,0,0.9132653061224488,65.51020408163265,0.0,0.0,0.0
14,1,4.430855225795397,68.62398635261403,4.939929774558935,1.7732961569111265,12.755102040816324
14,2,8.931984054029707,72.42466696394442,14.875367931774448,18.699447668126865,12.755102040816324
14,3,12.674947326774198,74.2800648339835,30.463300343520768,72.60316917117635,12.755102040816324
14,4,13.999225296825909,74.7478202888227,49.285302053389046,190.52201847032816,12.755102040816324
14,5,12.930886966586028,74.52898110402971,68.29766602624649,322.77804230908913,12.755102040816324
14,6,10.56068147300484,76.26410087875159,85.19367395468197,460.48979457692224,12.755102040816324
14,7,7.6655217979546615,80.18671210724759,98.22031081841484,584.2810116654363,12.755102040816324
14,8,4.9898298849391365,86.89566189190052,107.0530289567087,678.6391841104688,12.755102040816324
14,9,2.9560909820890657,97.92512083544487,111.66666112493596,748.2072794344622,12.755102040816324
14,10,1.5436964975172072,110.94391068565108,113.49244432743073,794.2329420337344,0.0
14,11,0.712683329589025,112.0080533828513,114.9956780465628,826.0713807647207,0.0
14,12,0.2621644616796929,112.317325359164,115.61202481187901,843.0660082980561,0.0
14,13,0.028573170369195156,112.2074376274001,115.78137067888487,852.7800160625961,0.0
14,14,-0.08675482966866124,111.87453135186254,115.7326580039875,858.9879766408051,0.0
15,0,0.9540816326530612,47.55102040816327,0.0,0.0,0.0
15,1,5.212476126676171,49.706309975203695,5.951858810906251,2.4564018563894683,19.48979591836735
15,2,10.189108081572934,57.652571362482696,17.249482781984565,23.83627892400373,19.48979591836735
15,3,14.348433192281108,63.72757685031192,34.558751865807345,96.35432041657904,19.48979591836735
15,4,15.862634001527217,68.41155113495081,55.33988363365714,242.63412125569806,19.48979591836735
15,5,14.5176255498046,73.51796225904044,76.4590070333305,393.30537707199886,19.48979591836735
15,6,11.31025945792046,80.77247652095156,94.53490271941999,544.1096531435215,19.48979591836735
15,7,7.62740454734567,91.7156142880785,107.90279727787718,669.431322480749,19.48979591836735
15,8,4.490310521291235,108.57270383813888,115.49740111266539,749.9479369827958,19.48979591836735
15,9,2.551258798727882,128.23519575686845,118.8605833119299,783.6105102936895,19.48979591836735
15,10,1.7441479356799277,147.85841552747178,120.07714040881451,793.8164041760058,0.0
15,11,1.4288303054656508,150.02434987757024,122.52176428765193,805.5168942140687,0.0
15,12,1.2393293287710976,151.84255253259374,124.60197369043736,812.1162449095897,0.0
15,13,1.1249314332582014,153.4447511886944,126.47329766684443,816.1686647832294,0.0
15,14,1.0579895797008707,154.91131082131287,128.228091750631,818.6963417641313,0.0
16,0,0.7091836734693877,63.87755102040816,0.0,0.0,0.0
16,1,3.7733001375240436,68.49566165344847,4.239858305295323,1.2400457607276552,0.0
16,2,8.276694819248627,60.2339587937001,13.385542140857737,14.235400437739866,18.6734693877551
16,3,12.555090688600588,66.85490566517106,28.275039838649587,61.64871129755735,18.6734693877551
16,4,14.551826887435562,72.30452373779725,47.11336339695779,177.2450249022542,18.6734693877551
16,5,13.632189506410947,77.232843142914,66.5763781381763,313.3059409358097,18.6734693877551
16,6,10.799799272119229,84.6240650886579,83.73764379422246,451.093340242481,18.6734693877551
16,7,7.364845594990193,95.27440516818162,96.61494739338102,567.142612699354,18.6734693877551
16,8,4.421009735737038,109.57847141315092,104.78639482515472,652.4341838261429,18.6734693877551
16,9,2.498868523167907,126.84157382054485,108.55248962961981,700.3079947516383,0.0
16,10,1.4422501007325395,128.55586487986736,111.6340375539394,709.7358747424591,0.0
16,11,0.8329051157328601,130.11374611703832,113.42903655700687,709.6953455604807,0.0
16,12,0.4760872753840229,131.50252434602643,114.50946652316506,708.9162079722963,0.0
16,13,0.2641076541137615,132.79777257107665,115.17577621660969,708.9838401533673,0.0
16,14,0.1371849324103795,134.06735818629994,115.5947296570767,710.1240569398549,0.0
17,0,0.5051020408163265,45.10204081632653,0.0,0.0,0.0
17,1,3.1004086768055608,48.57512241195408,3.513118973545523,0.774155194617354,0.0
17,2,7.357489352013828,39.33617192526146,11.46563320355921,9.028646975810364,18.06122448979592
17,3,12.187667003369869,44.00258811819747,25.49647928998308,53.56026067470015,18.06122448979592
17,4,15.891970756789773,47.267594099670056,45.04124388114921,172.24549437018544,18.06122448979592
17,5,17.435463659252754,48.80393082145135,68.10166678936734,335.13085532260465,18.06122448979592
17,6,16.52243268012128,50.6361381508314,91.76657944844793,544.7579988270295,18.06122448979592
17,7,14.046745776290386,55.171604430185184,112.96632201742064,758.2841812131861,18.06122448979592
17,8,10.847568712287343,61.76945427174391,129.9505515064368,931.6163316138593,18.06122448979592
17,9,7.585277434778904,74.94498900158648,141.1745898272752,1056.9232497769874,18.06122448979592
17,10,4.391167535021527,97.87355274662937,147.05503780444334,1128.7445455179973,18.06122448979592
17,11,2.1950155863095877,121.97680484064682,149.21900956728265,1144.6285048694367,0.0
17,12,0.9271603670240549,128.53631716316855,151.93882971772655,1159.5679730302418,0.0
17,13,0.12645105682760996,133.51806139780444,153.599538493725,1173.1688188690364,0.0
17,14,-0.3759118480298475,137.4540701682779,154.54283388898799,1185.0180751316357,0.0
18,0,0.8112244897959184,41.0204081632653,0.0,0.0,0.0
18,1,4.458693383015168,41.72184235468379,5.019002173257827,1.652769083360623,16.020408163265305
18,2,9.31105476271681,46.238817591906056,15.204869435732967,17.290303868309625,16.020408163265305
18,3,14.065760106513899,48.328279463338525,31.917261039436752,77.69896453131255,16.020408163265305
18,4,17.141811044588106,48.581412555021636,53.57129181093535,228.82686896740125,16.020408163265305
18,5,17.721989940817704,47.93695102195644,78.07156367320091,417.3785984658033,16.020408163265305
18,6,16.13234365764257,48.26398829875182,101.86555448545852,636.3894959804281,16.020408163265305
18,7,13.371139522892415,51.3745342626313,122.68466002295821,851.2544737941967,16.020408163265305
18,8,10.22980859079876,57.08692309979226,138.57131520694614,1023.663662256115,16.020408163265305
18,9,7.185914839137676,71.52959783726132,149.4381463361696,1148.5415010335278,16.020408163265305
18,10,4.311957542324335,88.88131661799584,155.7276798123487,1212.332253940945,16.020408163265305
18,11,2.3959690744309494,105.51040604996898,158.46180020468466,1241.9589767712034,0.0
18,12,1.338119803645177,107.52662509379569,161.33471550015744,1288.0342063720957,0.0
18,13,0.6647877223121558,110.50002166659283,163.20774430344898,1336.3476405621777,0.0
18,14,0.27552681182274186,114.23166525998283,164.6442678584606,1364.616260973277,0.0
19,0,0.5561224489795918,36.93877551020408,0.0,0.0,0.0
19,1,3.111823972289394,37.38001145428326,3.459900458623273,0.7421689283787398,0.0
19,2,7.4049090522425285,27.326321274080914,11.463875494157165,9.126766544318246,14.79591836734694
19,3,12.42592473008597,28.354606293893674,25.73198018052163,59.703481641767645,14.79591836734694
19,4,17.290731060727506,28.19051191209162,46.279993516096496,201.78793130377267,14.79591836734694
19,5,19.755038416317095,26.082763836811996,72.24147909170242,381.30412073224926,14.79591836734694
19,6,19.20809438396591,24.55776741651167,99.8485552177727,594.1825891622419,14.79591836734694
19,7,16.26892549975959,24.654340729208435,125.16914532389886,738.9442535785098,14.79591836734694
19,8,13.465890233071049,26.784955315695665,145.58758815863067,813.8503950833611,14.79591836734694
19,9,12.083251221397349,31.459858297374918,162.37862265611207,808.7391554266673,14.79591836734694
19,10,10.988531000021256,38.001426194028895,176.36599732800235,797.9821841822657,14.79591836734694
19,11,9.97916153334658,46.21912842176448,187.84825935502838,787.6134283795861,0.0
19,12,9.312592299168225,41.54634508403093,199.814226092668,787.6163868468597,0.0
19,13,8.865418793888615,37.87896416300938,210.0230342935756,787.6170943768803,0.0
19,14,8.597765149742603,34.88326047744754,218.9302850314094,787.6171100872159,0.0
20,0,0.6581632653061225,35.30612244897959,0.0,0.0,0.0
20,1,3.357569866367801,34.06746897754981,3.6729929992627284,0.8652426504495363,0.0
20,2,7.8321469453530765,23.40551164014661,12.195162337172277,10.816043889884426,15.0
20,3,12.928280110578344,24.52785523599553,27.059560691141844,67.09285071978624,15.0
20,4,17.941269159772645,24.40410561046972,48.272883533518716,219.15031128420634,15.0
20,5,20.1518292991596,22.64071151438911,74.95182312268732,399.949629050676,15.0
20,6,19.23158078458708,21.555664574553134,102.76115930146801,602.6663180401875,15.0
20,7,15.6877984122366,21.659984576073203,127.61056902071782,646.1401630439442,15.0
20,8,12.517212895024937,23.781705381406482,146.85531506439673,646.0298416806235,15.0
20,9,11.50351640514688,28.14154282483666,162.74363701024913,640.2687341976856,0.0
20,10,11.454910881429623,18.960280282319122,179.6585226252202,640.2944457481034,0.0
20,11,11.471617012649318,10.880007954159856,195.43889656472834,640.2908053031102,0.0
20,12,11.454004954017472,3.9288882769160423,209.8426835345747,640.2907913926589,0.0
20,13,11.434227660863185,-1.9739521229754171,222.78271642478848,640.2907913830365,0.0
20,14,11.424271961519995,-6.976077050506454,234.31948153787582,640.2907913830337,0.0
21,0,0.6071428571428571,59.79591836734694,0.0,0.0,0.0
21,1,3.476406717565776,65.11860978988871,3.9372526049857135,1.038108082055584,16.42857142857143
21,2,7.527516189199057,73.20090220430298,12.060166961550332,11.552104658640172,16.42857142857143
21,3,11.36444551138127,79.5282012951685,25.658644026593677,51.90485506372575,16.42857142857143
21,4,12.90957184187702,85.11215110853765,42.71068188884647,136.04627461695972,16.42857142857143
21,5,11.808129805101256,90.20438035568512,59.945072530933864,249.82246798269492,16.42857142857143
21,6,9.163054173109195,97.53152445295439,74.63530389889806,360.4187333023797,16.42857142857143
21,7,6.240956081616761,108.77187191554691,84.87159895951291,452.62127056830394,16.42857142857143
21,8,3.863098668630735,124.5540543969623,90.64199525394733,510.9392126250947,16.42857142857143
21,9,2.2558264874126133,144.12048703401987,92.73197997539232,546.9554096263784,16.42857142857143
21,10,1.3438024072173935,164.6830317210607,92.11386053926097,572.4263771173778,0.0
21,11,0.8007442075138623,170.6071472457735,91.21183689991842,593.0184134467535,0.0
21,12,0.3943189637292854,175.6813561692032,89.49023936649652,605.8993444344728,0.0
21,13,0.08755955409423168,180.18230309311676,87.13736113653654,612.9108610779147,0.0
21,14,-0.1418422816984854,184.31748246639737,84.28090781603055,616.2314208094804,0.0
22,0,0.8928571428571428,30.40816326530612,0.0,0.0,0.0
22,1,4.638815945782739,28.21279547925035,5.219149101579589,1.7925686808880759,0.0
22,2,9.690373641558976,15.725586267372073,16.073786331176947,21.840851346900052,19.285714285714285
22,3,14.794883321209578,21.038973981075067,33.09391491429484,110.04788607421166,19.285714285714285
22,4,19.29815653107862,24.304978126082496,56.241984337317135,271.08809983409174,19.285714285714285
22,5,20.359860923326234,26.923116178522058,83.76726531507457,460.44184465451525,19.285714285714285
22,6,18.517143060177215,30.43925964646397,110.89836171908449,653.5978367016206,19.285714285714285
22,7,15.128585166399624,35.6581884384733,134.41541925107643,727.0948055677235,19.285714285714285
22,8,12.676673515151185,43.18841737814151,152.71302683343222,714.2677671728893,19.285714285714285
22,9,11.405453940167261,52.98987810162687,167.8715767590806,701.0054510878078,19.285714285714285
22,10,10.668523169186008,64.40088553284873,181.14728013708748,689.3796167271961,0.0
22,11,10.404792187171509,58.43466892622297,196.12854949954365,689.3794779552663,0.0
22,12,10.278612656201696,53.00731794317019,209.59267559082804,689.3794791007438,0.0
22,13,10.221481886622154,48.10164424229988,221.69057349046642,689.3794791259786,0.0
22,14,10.197545565740475,43.68649652972996,232.556679051066,689.3794791260431,0.0
23,0,0.9948979591836736,52.44897959183673,0.0,0.0,0.0
23,1,4.494662242856472,51.009145348938105,4.871780479954998,1.7150478067274375,0.0
23,2,9.626501139511673,40.03114783038295,15.641381542805416,18.453713052605178,10.918367346938776
23,3,14.624992961012397,36.56080577974444,33.11478724701715,84.04387268604738,10.918367346938776
23,4,18.247998853698363,31.23191015587708,56.15781317875227,249.88974006649107,10.918367346938776
23,5,19.3104950533648,25.21160024099887,82.9261975286965,460.8518807773147,10.918367346938776
23,6,17.81655197632242,20.374583898854908,109.4893667413511,668.7413811574417,10.918367346938776
23,7,14.75790319349859,17.607333416720877,132.75332482925086,850.1375270383745,10.918367346938776
23,8,12.606341896633111,17.97718806509662,152.91307549658194,968.9894917517555,10.918367346938776
23,9,11.031038617656325,19.225662435857096,171.43198854155727,1009.0768119671155,0.0
23,10,10.101699355531597,11.535013364292533,190.2983989191197,1006.7012542216129,0.0
23,11,9.56000514689453,5.702794068028015,207.31017738839418,1006.5724486794496,0.0
23,12,9.34102692522185,1.2218351044156364,222.52675742986597,1006.5718841065965,0.0
23,13,9.281057872163762,-2.31178300848255,236.12935043677396,1006.5718836316989,0.0
23,14,9.269347854592526,-5.142337125158053,248.2342047672419,1006.5718836315959,0.0
24,0,0.5663265306122449,63.06122448979592,0.0,0.0,0.0
24,1,3.1994020332734325,68.31985587950456,3.619977645552521,0.8487548412386285,13.36734693877551
24,2,7.097220249133927,73.98078123120716,11.251971369314218,9.807319799198824,13.36734693877551
24,3,11.054774846731833,77.57799989946696,24.40310570031449,46.9499661954387,13.36734693877551
24,4,13.021183658772351,80.08783150017337,41.44305272712369,123.98233871784751,13.36734693877551
24,5,12.463792245079697,81.73792047644443,59.358185481507334,241.4419523049824,13.36734693877551
24,6,10.261454828288226,84.62445273753173,75.5264497062803,367.30513209903603,13.36734693877551
24,7,7.4354839484540225,90.46846079361534,88.05362947687146,478.25410658032024,13.36734693877551
24,8,4.804225519208018,99.61149494889429,96.4466479571922,560.0867148091558,13.36734693877551
24,9,2.9065591242099837,110.79360493469252,101.53580294004131,615.8906731264877,13.36734693877551
24,10,1.7003818892202776,122.7669369400738,104.09931996344272,645.5033089756799,13.36734693877551
24,11,0.9307709440621794,135.5390954027132,104.8740302533425,655.0540916966886,0.0
24,12,0.4395802286909929,136.77635073646329,105.76070318395591,670.4446139084368,0.0
24,13,0.1583119240066274,137.9120128301484,106.07295153828694,687.3886280642396,0.0
24,14,0.011452570970954359,139.13128997355935,106.08149258743224,701.8366958101974,0.0
25,0,0.7704081632653061,64.6938775510204,0.0,0.0,0.0
25,1,3.8869715985348483,68.07075761151941,4.326311914107962,1.316603664536175,12.551020408163264
25,2,8.193610312225305,72.12976691356465,13.312195091184751,14.543625684788786,12.551020408163264
25,3,12.111837551901056,74.12337992132395,28.017714703643026,60.97998177042545,12.551020408163264
25,4,13.81896196364685,74.76347577272416,46.36384881797033,166.13767575696883,12.551020408163264
25,5,13.067028022329216,74.39461372097013,65.29200709464529,294.3663481816929,12.551020408163264
25,6,10.907440071243265,75.66337332459678,82.51089255110048,431.87228579655107,12.551020408163264
25,7,8.081749372616851,79.05740724034601,96.07246527976037,560.2738435282513,12.551020408163264
25,8,5.377540890236182,84.98639037935337,105.60804994246075,652.9415781113969,12.551020408163264
25,9,3.2510088589380213,94.79491025725271,110.9015721048665,733.6023722560035,12.551020408163264
25,10,1.7413849925971934,107.42063849199364,113.12726086530938,783.082508480228,0.0
25,11,0.8066451605129589,108.5858428804562,114.81857326695258,821.729309122064,0.0
25,12,0.2986203308901584,108.93071605826115,115.50943587011702,841.7029099663604,0.0
25,13,0.0409520566967959,108.80134853963105,115.70138527124723,852.8629123367803,0.0
25,14,-0.08096715535606658,108.42505038939947,115.65766279719564,859.9290870800386,0.0
26,0,0.5459183673469388,67.9591836734694,0.0,0.0,0.0
26,1,3.1340039372842456,74.75970826093518,3.585535367672565,0.8115839332397823,0.0
26,2,7.117896405264616,67.9222165777117,11.335763061780948,9.853298057239174,17.653061224489797
26,3,11.161334852143048,75.06022290370694,24.472401373797435,47.00481063114874,17.653061224489797
26,4,13.109682758651777,81.4022066360482,41.46015474667127,126.01449398384226,17.653061224489797
26,5,12.297487379310656,87.22479397733333,59.07779583089864,242.9208164549602,17.653061224489797
26,6,9.691155215355185,95.00806080667422,74.39370922458394,360.4052693765036,17.653061224489797
26,7,6.653574676728554,106.744167520969,85.38148794493446,459.0035920076944,17.653061224489797
26,8,4.161424229381484,123.19026310114917,91.91166650933714,521.8793405339865,17.653061224489797
26,9,2.483626794003975,143.4557497760076,94.70699823337357,561.1644256139598,17.653061224489797
26,10,1.5008206405518394,164.59471925841555,94.60386720576423,587.7189997672224,0.0
26,11,0.8860994699154018,169.93731697731405,94.2272740790309,611.0988320549641,0.0
26,12,0.4094763211660474,174.32013602860528,92.9988606228253,626.5919822231574,0.0
26,13,0.037842858300279426,178.06980843994128,91.14450992614748,635.8013360698504,0.0
26,14,-0.25277839536144897,181.41274677092477,88.80309916950637,640.8153976230712,0.0
27,0,0.75,50.0,0.0,0.0,0.0
27,1,3.912095830967412,51.223500052790364,4.325177307328802,1.288803829181746,0.0
27,2,8.724533833750948,40.97794089611995,13.955004087115768,14.207838438474608,15.0
27,3,13.624849068415546,42.03733718387183,30.014689445613374,70.87649342416469,15.0
27,4,17.197993064964063,41.32414563335037,51.45086155023774,217.35834214117875,15.0
27,5,18.39131134182296,39.338605220219776,76.50148424551564,408.666056803603,15.0
27,6,17.202597675211425,38.14928430786567,101.64511917144817,636.1202047682066,15.0
27,7,14.653817477019455,39.251013410279626,124.30493193613844,862.6208075073571,15.0
27,8,11.563889938817013,42.70301295743967,142.48208294727993,1055.156569067814,15.0
27,9,8.771618358999447,52.04113517011626,156.13618610861346,1210.0892581378664,15.0
27,10,6.23913027163618,65.43813582281767,165.59066282811702,1317.3526042167089,0.0
27,11,4.123617328432404,66.84574812854747,173.30891398035925,1408.1099007860487,0.0
27,12,2.615233836856767,66.8334219357097,178.19546306681886,1477.0807266546583,0.0
27,13,1.6408750866242827,65.44842914264389,181.38658539053046,1530.8679460360602,0.0
27,14,1.0044172145725638,63.687802567695954,183.82277446030528,1569.8254956166945,0.0
28,0,0.576530612244898,32.04081632653061,0.0,0.0,0.0
28,1,3.088808826052744,31.208854288088876,3.411365469741931,0.7395871557811129,12.142857142857142
28,2,7.238946630424058,33.12437058217316,11.116306754371228,8.40369694550362,12.142857142857142
28,3,12.260602665454048,31.663298836467053,25.26768192789963,55.87687145830407,12.142857142857142
28,4,16.9730421856375,28.919627526611478,45.70183207264777,192.1584221235542,12.142857142857142
28,5,19.515033298137507,24.20832312431348,71.44090646193898,374.0489197004451,12.142857142857142
28,6,19.123858281743434,20.05287866244338,99.02646476632025,590.7573158771243,12.142857142857142
28,7,15.887226687139078,17.359116031639303,124.2094634503236,692.0159709175427,12.142857142857142
28,8,11.72348307992681,17.216654343632484,143.31606441200003,693.0018695723277,12.142857142857142
28,9,9.740076413178354,20.212802048058926,157.84247378271047,678.8209985981885,12.142857142857142
28,10,9.022951290960632,24.71104352717162,170.28134562949575,670.2794331730951,12.142857142857142
28,11,8.709061591759474,29.982783201101007,181.54931956217587,662.9355434627928,0.0
28,12,8.588429770730157,24.028832815591116,193.9934949910495,662.9244311807984,0.0
28,13,8.49216498857144,18.776153220760516,205.54241695870485,662.9243243900775,0.0
28,14,8.423705813849375,14.166076818678645,216.1862201420722,662.9243244930551,0.0
29,0,0.8316326530612245,38.57142857142857,0.0,0.0,0.0
29,1,4.493172226897308,38.47966826806388,5.048509669728125,1.6587595651599307,15.612244897959185
29,2,9.37100230995518,42.31654138411433,15.310075320225666,17.408960340937597,15.612244897959185
29,3,14.193268447713642,43.75785533452889,32.1644390072067,79.17931472214767,15.612244897959185
29,4,17.47181245415525,43.37587502119484,54.14248599188296,234.36003353424778,15.612244897959185
29,5,18.245292989190634,42.07344713648981,79.30138677945129,431.66928959630144,15.612244897959185
29,6,16.754365757006568,41.83398835349898,103.98947158720323,660.4474996053665,15.612244897959185
29,7,14.043944398439788,43.862159954327254,125.89027271237383,880.8648306590412,15.612244897959185
29,8,10.959444558560687,48.74228801844032,143.04090978043592,1066.46554244705,15.612244897959185
29,9,8.10069044377395,60.36983806650082,155.63652747421912,1211.4929901746668,15.612244897959185
29,10,5.402097453067836,74.96996793578309,163.91590565009906,1301.536478705536,15.612244897959185
29,11,3.0562070403323727,92.4724624408968,167.88350974207077,1355.3430983578946,0.0
29,12,1.561475702747277,96.42940377842196,171.37604799322486,1397.8737989080303,0.0
29,13,0.7053129361320205,99.48330231824605,173.39596763357707,1411.554826646988,0.0
29,14,0.20952286118532393,102.04790298740781,174.64281350373662,1414.3859690510205,0.0
30,0,0.75,68.77551020408163,0.0,0.0,0.0
30,1,3.761550463610425,72.81116947208389,4.202054749354902,1.2224655115881982,12.346938775510203
30,2,7.911840244401279,77.23709465142606,12.864561682386142,13.293889848686808,12.346938775510203
30,3,11.642145058586129,79.80353494766837,27.014531735600585,56.82382355201004,12.346938775510203
30,4,13.111272645115857,81.26808658780494,44.56298422274711,148.20408303645317,12.346938775510203
30,5,12.12451686492545,81.89424516763269,62.36100089500351,267.6765638390109,12.346938775510203
30,6,9.800001993036311,84.37985999439903,78.11711417633803,394.24441319801565,12.346938775510203
30,7,6.984496876765744,89.56418384936904,90.01925621940333,499.70470767647333,12.346938775510203
30,8,4.4837340602827815,97.80764932486744,97.95072682991294,578.9818214366862,12.346938775510203
30,9,2.7033890226999153,107.46195569265477,102.73500772578824,634.5878580762061,12.346938775510203
30,10,1.581213345177281,118.03607045231512,105.09251204295286,666.3434217251871,0.0
30,11,0.9188768038554718,118.11774862063659,107.11339828176571,682.2575019070621,0.0
30,12,0.528393311602734,118.27391689389506,108.28450779308214,690.8289363978325,0.0
30,13,0.29343126238109396,118.48799862729204,108.96340352631871,696.4338299908551,0.0
30,14,0.14925140590838376,118.75443257616676,109.34618979305473,700.3892649128939,0.0
